{
    "2018-09": 1430.7283457319563,
    "2018-10": 2609.0254908091747,
    "2018-11": 2163.7838059658557,
    "2018-12": 2033.865543030518,
    "2019-01": 2735.990887626927,
    "2019-02": 2309.4453116211066,
    "2019-03": 2185.4018747397286,
    "2019-04": 2311.7207623085637,
    "2019-05": 2359.1858494437975,
    "2019-06": 1939.3998166325584,
    "2019-07": 2377.948444118881,
    "2019-08": 2062.5745208994263,
    "2019-09": 1850.972560135094,
    "2019-10": 2506.294971861881,
    "2019-11": 2048.8615704578,
    "2019-12": 1854.9126202227062
}