{
    "2018-09": 21309.08111111111,
    "2018-10": 40306.211756790115,
    "2018-11": 33657.47161296297,
    "2018-12": 31803.79,
    "2019-01": 43773.028888888904,
    "2019-02": 42162.40145440969,
    "2019-03": 46668.117777777785,
    "2019-04": 49693.44888888888,
    "2019-05": 50691.61298518518,
    "2019-06": 45160.63315555555,
    "2019-07": 47579.46183862802,
    "2019-08": 47118.70294849293,
    "2019-09": 44810.75328981482,
    "2019-10": 54894.93019823678,
    "2019-11": 44698.80504135803,
    "2019-12": 45195.35755987653
}