{
    "2018-09": 1565.9346898367514,
    "2018-10": 2751.5500868451472,
    "2018-11": 2230.288255046317,
    "2018-12": 2106.69793387888,
    "2019-01": 2835.689191594211,
    "2019-02": 2413.088928799872,
    "2019-03": 2318.974389299517,
    "2019-04": 2420.0463766308785,
    "2019-05": 2510.2013532850565,
    "2019-06": 2069.439593558115,
    "2019-07": 2540.8280932205616,
    "2019-08": 2201.429023664094,
    "2019-09": 1964.3527220983217,
    "2019-10": 2631.271726942449,
    "2019-11": 2100.975512586462,
    "2019-12": 1904.1062477288992
}