{
    "2018-09": 19468.14158753166,
    "2018-10": 38197.807194917885,
    "2018-11": 32627.735869215227,
    "2018-12": 30686.435117082234,
    "2019-01": 42204.31545724477,
    "2019-02": 40261.50619237817,
    "2019-03": 43975.63686836794,
    "2019-04": 47532.005849759626,
    "2019-05": 47636.83711912249,
    "2019-06": 42296.267131335684,
    "2019-07": 44528.2967944283,
    "2019-08": 44160.475153727726,
    "2019-09": 42219.99845301403,
    "2019-10": 52202.63400879476,
    "2019-11": 43495.48779120208,
    "2019-12": 43905.76067055114
}