{
    "2018-09": 1324.9798860325348,
    "2018-10": 2331.8290360310984,
    "2018-11": 1863.4321535371948,
    "2018-12": 1813.0115988880966,
    "2019-01": 2411.9550153382133,
    "2019-02": 2123.476449189485,
    "2019-03": 2057.9622612660964,
    "2019-04": 2109.903964894169,
    "2019-05": 2176.663967980926,
    "2019-06": 1846.0568113422953,
    "2019-07": 2180.914967859282,
    "2019-08": 1893.867006929198,
    "2019-09": 1682.9434127121012,
    "2019-10": 2228.8467497821352,
    "2019-11": 1723.4668369854212,
    "2019-12": 1488.1797791397855
}