{
    "2018-09": 1468.189913020633,
    "2018-10": 2487.4865247761572,
    "2018-11": 1936.0853121416785,
    "2018-12": 1890.6254694940826,
    "2019-01": 2520.216312655601,
    "2019-02": 2242.371148590552,
    "2019-03": 2201.912383373552,
    "2019-04": 2234.3476800210274,
    "2019-05": 2355.0057941016744,
    "2019-06": 2000.0594455638266,
    "2019-07": 2360.993691946399,
    "2019-08": 2045.350146260697,
    "2019-09": 1806.3914113941614,
    "2019-10": 2367.504201106246,
    "2019-11": 1784.0569999463607,
    "2019-12": 1539.3127437871904
}