{
    "2018-04": 153.5017582245245,
    "2018-05": 1540.074713231459,
    "2018-06": 1770.8276041060117,
    "2018-07": 2061.463194398928,
    "2018-08": 2332.342714820791,
    "2018-09": 2693.572665452374,
    "2018-10": 2662.963287986713,
    "2018-11": 1282.1998132007802,
    "2018-12": 918.2991818654251,
    "2019-01": 1082.7030343780261,
    "2019-02": 862.9199221048528,
    "2019-03": 715.0309886784086,
    "2019-04": 760.472212834301,
    "2019-05": 649.7807124848165,
    "2019-06": 535.189770616553,
    "2019-07": 520.9033305808658,
    "2019-08": 566.291291857606,
    "2019-09": 573.2650439904492,
    "2019-10": 685.6429385942799,
    "2019-11": 525.0820698502963,
    "2019-12": 362.3942131069717
}