{
    "2018-04": 182.1091299364636,
    "2018-05": 1798.7911885830924,
    "2018-06": 2085.4409788208327,
    "2018-07": 2466.983708059249,
    "2018-08": 2738.5356413006434,
    "2018-09": 3086.973943324477,
    "2018-10": 2924.4742889464787,
    "2018-11": 1409.2061176211778,
    "2018-12": 1060.3571100064746,
    "2019-01": 1247.5631264773633,
    "2019-02": 1017.6845834499958,
    "2019-03": 891.8890976470828,
    "2019-04": 923.1803728613868,
    "2019-05": 821.2977865388311,
    "2019-06": 705.2843768491726,
    "2019-07": 693.6881038234608,
    "2019-08": 682.0633717655834,
    "2019-09": 645.5854689792432,
    "2019-10": 773.2618920317177,
    "2019-11": 557.5891562018966,
    "2019-12": 384.1429731035354
}