{
    "2018-04": 193.2269657386901,
    "2018-05": 1759.0995611999747,
    "2018-06": 2016.3050966091014,
    "2018-07": 2371.9152560698426,
    "2018-08": 2690.7477025787,
    "2018-09": 3037.167532040118,
    "2018-10": 3077.0352311767847,
    "2018-11": 1622.5920509152875,
    "2018-12": 1180.7851155642668,
    "2019-01": 1403.6261516767368,
    "2019-02": 1103.4181431584132,
    "2019-03": 898.0176483455909,
    "2019-04": 930.6476295347113,
    "2019-05": 793.3311759296948,
    "2019-06": 647.4006203379239,
    "2019-07": 671.0274116570728,
    "2019-08": 675.8789085952757,
    "2019-09": 693.4900415997839,
    "2019-10": 882.1065650181215,
    "2019-11": 724.8910159851449,
    "2019-12": 523.7211540680988
}