{
    "2018-04": 211.89977570606789,
    "2018-05": 1907.137439549854,
    "2018-06": 2188.697135718301,
    "2018-07": 2600.0895281531543,
    "2018-08": 2953.0862032063446,
    "2018-09": 3278.500073432134,
    "2018-10": 3252.408824080764,
    "2018-11": 1669.454253878265,
    "2018-12": 1219.0332269449998,
    "2019-01": 1459.6698508142254,
    "2019-02": 1156.049292362402,
    "2019-03": 981.508832232713,
    "2019-04": 1019.3995573977998,
    "2019-05": 897.795843170139,
    "2019-06": 740.6820088508684,
    "2019-07": 759.7179053747507,
    "2019-08": 746.4905010651423,
    "2019-09": 740.6576501690654,
    "2019-10": 921.5622300800436,
    "2019-11": 732.8814978493192,
    "2019-12": 531.0110096339765
}