{
    "2018-04": 5015.097049382716,
    "2018-05": 34787.50686842553,
    "2018-06": 37524.26917498339,
    "2018-07": 42148.87730032525,
    "2018-08": 45886.699089307054,
    "2018-09": 46011.16176144604,
    "2018-10": 49979.656895429645,
    "2018-11": 26022.250878182585,
    "2018-12": 19160.250000000004,
    "2019-01": 22758.6070954467,
    "2019-02": 20550.38369839373,
    "2019-03": 19862.347923801935,
    "2019-04": 20441.910000000003,
    "2019-05": 18511.877821525275,
    "2019-06": 16069.518835789195,
    "2019-07": 14618.343914482943,
    "2019-08": 16140.21980882116,
    "2019-09": 16762.5071257799,
    "2019-10": 18352.56519930306,
    "2019-11": 15779.360480001309,
    "2019-12": 12716.750089937595
}