{
    "2018-04": 4573.104661604939,
    "2018-05": 32089.961793812494,
    "2018-06": 34610.31540053894,
    "2018-07": 38574.22963359221,
    "2018-08": 41954.22032930704,
    "2018-09": 42692.677826878135,
    "2018-10": 47375.59371591287,
    "2018-11": 25293.59368707148,
    "2018-12": 18566.682777777776,
    "2019-01": 21881.253406557815,
    "2019-02": 19592.49734172706,
    "2019-03": 18118.992663801935,
    "2019-04": 18652.874029999995,
    "2019-05": 16326.401939303054,
    "2019-06": 13997.54083023364,
    "2019-07": 12932.798853371827,
    "2019-08": 14610.933106598939,
    "2019-09": 15687.88719318731,
    "2019-10": 17538.628249303056,
    "2019-11": 15598.107095001309,
    "2019-12": 12547.090931048704
}